tp_fundo,cnpj_fundo,denom_social,dt_reg,dt_const,cd_cvm,dt_cancel,sit,dt_ini_sit,dt_ini_ativ,dt_ini_exerc,dt_fim_exerc,classe,dt_ini_classe,rentab_fundo,condom,fundo_cotas,fundo_exclusivo,trib_lprazo,publico_alvo,entid_invest,taxa_perfm,inf_taxa_perfm,taxa_adm,inf_taxa_adm,vl_patrim_liq,dt_patrim_liq,diretor,cnpj_admin,admin,pf_pj_gestor,cpf_cnpj_gestor,gestor,cnpj_auditor,auditor,cnpj_custodiante,custodiante,cnpj_controlador,controlador,invest_cempr_exter,classe_anbima,idade_anos
FACFIF,06.537.068/0001-90,AMAZÔNIA CREDIT 90 - FUNDO DE APLICAÇÃO EM QUOTAS DE FUNDOS DE INVESTIMENTO,2004-08-02,2004-06-16,50768.0,,EM FUNCIONAMENTO NORMAL,2004-08-02,2004-08-02,2026-01-01,2026-12-31,,,,,,,,,,,,,,1260.7,2023-06-13,,04.902.979/0001-44,BANCO DA AMAZÔNIA S.A.,,,,61.366.936/0001-25,ERNST & YOUNG AUDITORES INDEPENDENTES S/S LTDA.,,,,,,,21.793292265571527
FACFIF,07.408.147/0001-64,"FUNDO AMAZONIA DE APLICAÇÃO EM COTAS DE FUNDO DE INVESTIMENTO-AMAZONIA MIX ""2""",2005-04-11,,52264.0,,EM FUNCIONAMENTO NORMAL,2005-04-11,2005-04-11,2026-01-01,2026-12-31,,,,,,,,,,,,,,19103.37,2023-06-13,,04.902.979/0001-44,BANCO DA AMAZÔNIA S.A.,,,,,,,,,,,,21.10335386721424
FI,42.754.444/0001-62,ISTAMBUL FUNDO DE INVESTIMENTO MULTIMERCADO LONGO PRAZO INVESTIMENTO NO EXTERIOR,2021-11-29,2021-07-13,440930.0,,EM FUNCIONAMENTO NORMAL,2021-12-01,2021-12-01,2026-01-01,2026-12-31,Multimercado,2021-11-29,,Fechado,N,N,,Profissional,,,,,,65504019.85,2026-05-11,FELIPE LINS FABBRIANI,33.851.064/0001-55,DILLON S/A DTVM,PJ,02.295.841/0001-07,SECURITY ADM. DE RECURSOS LTDA,09.496.375/0001-69,INFORCONT AUDITORES INDEPENDENTES,16.695.922/0001-09,ID CORRETORA DE TITULOS E VALORES MOBILIARIOS S.A.,16.695.922/0001-09,ID CORRETORA DE TITULOS E VALORES MOBILIARIOS S.A.,N,Multimercados Invest. no Exterior,4.468172484599589
FI,42.562.105/0001-84,Agile Investe Fundo de Investimento Multimercado,2022-01-18,2022-01-18,446335.0,,EM FUNCIONAMENTO NORMAL,2022-03-22,2022-03-22,2026-01-01,2026-12-31,Multimercado,2022-01-18,,Aberto,N,N,,Público Geral,,,,,,0.0,2022-11-03,LUIS ANTONIO ALBUQUERQUE LESSI,27.463.343/0001-49,MDL TRUST SERVIÇOS FIDUCIÁRIOS LTDA.,PJ,11.141.257/0001-80,AGILE ASSET GESTÃO DE INVESTIMENTOS LTDA,19.280.834/0001-26,NEXT AUDITORES INDEPENDENTES S/S LTDA.,15.489.568/0001-95,INTRA INVESTIMENTOS DTVM LTDA,15.489.568/0001-95,INTRA INVESTIMENTOS DTVM LTDA,N,,4.331279945242985
FI,02.727.085/0001-30,MÁXIMA  FMP - FGTS  PETROBRAS,2022-04-09,2000-07-07,449890.0,,EM FUNCIONAMENTO NORMAL,2022-04-13,2022-04-09,2026-04-01,2027-03-31,FMP-FGTS,2022-04-08,,Aberto,N,N,,Público Geral,,,,,,1401831.81,2025-11-12,EDUARDO FELIX BIANCHINI,33.886.862/0001-12,"MASTER S/A CORRETORA DE CAMBIO, TITULOS E VALORES MOBILIARIOS",PJ,18.167.777/0001-00,ACURA GESTORA DE RECURSOS LTDA,19.280.834/0001-26,NEXT AUDITORES INDEPENDENTES S/S LTDA.,33.886.862/0001-12,"MASTER S/A CORRETORA DE CAMBIO, TITULOS E VALORES MOBILIARIOS",,,N,,4.1095140314852845
FI,51.777.660/0001-14,ANZEN FUNDO DE INVESTIMENTO EM COTAS DE FUNDOS DE INVESTIMENTO MULTIMERCADO CRÉDITO PRIVADO,2023-08-11,2023-08-10,504092.0,,EM FUNCIONAMENTO NORMAL,2025-07-29,2025-07-29,2026-05-01,2027-04-30,Multimercado,2023-08-11,,Fechado,S,N,,Profissional,,,,,,40646327.71,2026-05-13,VITOR PEREDO MOSCATELLI,40.434.681/0001-10,AZUMI DISTRIBUIDORA DE TÍTULOS E VALORES MOBILIÁRIOS LTDA.,PJ,42.221.617/0001-87,ASSET BANK ASSET MANAGEMENT LTDA.,19.280.834/0001-26,NEXT AUDITORES INDEPENDENTES S/S LTDA.,40.434.681/0001-10,AZUMI DISTRIBUIDORA DE TÍTULOS E VALORES MOBILIÁRIOS LTDA.,40.434.681/0001-10,AZUMI DISTRIBUIDORA DE TÍTULOS E VALORES MOBILIÁRIOS LTDA.,N,Multimercados Livre,2.7707049965776864
FI-FGTS,09.234.078/0001-45,FUNDO DE INVESTIMENTO DO FUNDO DE GARANTIA DO TEMPO DE SERVIÇO - FI-FGTS,2008-06-04,2008-06-04,1759.0,,EM FUNCIONAMENTO NORMAL,2008-07-01,2008-07-01,2026-01-01,2026-12-31,,,,,,,,,,,,,,11673771707.4,2009-06-30,,00.360.305/0001-04,CAIXA ECONOMICA FEDERAL,PJ,00.360.305/0001-04,CAIXA ECONOMICA FEDERAL,57.755.217/0001-29,KPMG AUDITORES INDEPENDENTES LTDA.,60.746.948/0001-12,BANCO BRADESCO S.A.,,,,,17.95482546201232
FIDC,07.766.151/0001-02,FIDC BCSUL VERAX MULTICRED FINANCEIRO,2006-01-09,2006-01-13,206002.0,,EM FUNCIONAMENTO NORMAL,2006-01-18,2006-01-18,2026-01-01,2026-12-31,FIDC,2006-01-09,,Fechado,N,,,Qualificado,N,,,,,0.0,2017-03-31,,62.382.908/0001-64,MASSA FALIDA DA CRUZEIRO DO SUL S.A. DTVM,PJ,05.917.347/0001-17,BCSUL VERAX SERVIÇOS FINANCEIROS LTDA,42.170.852/0001-77,UHY BENDORAYTES & CIA AUDITORES INDEPENDENTES,,,,,,,20.355920602327174
FIDC,42.700.668/0001-91,GRAND - FUNDO DE INVESTIMENTO EM DIREITOS CREDITÓRIOS NÃO PADRONIZADOS RESPONSABILIDADE LIMITADA,2021-11-29,2021-07-09,221446.0,,EM FUNCIONAMENTO NORMAL,2021-12-01,2021-12-01,2026-01-01,2026-12-31,FIDC,2022-06-21,,Fechado,N,,,Qualificado,N,,,,,65721810.4,2026-04-30,,33.851.064/0001-55,DILLON S/A DTVM,PJ,02.295.841/0001-07,SECURITY ADM. DE RECURSOS LTDA,09.496.375/0001-69,INFORCONT AUDITORES INDEPENDENTES,16.695.922/0001-09,ID CORRETORA DE TITULOS E VALORES MOBILIARIOS S.A.,,,,,4.468172484599589
FIDC,47.388.724/0001-18,3R - FUNDO DE INVESTIMENTO EM DIREITOS CREDITÓRIOS NÃO PADRONIZADOS RESPONSABILIDADE LIMITADA,2023-02-28,2022-07-28,223073.0,,EM FUNCIONAMENTO NORMAL,2023-03-15,2023-03-15,2026-01-01,2026-12-31,FIDC-NP,2022-07-28,,Fechado,N,,,Qualificado,N,,,,,-28327.24,2026-04-30,,33.851.064/0001-55,DILLON S/A DTVM,PJ,02.295.841/0001-07,SECURITY ADM. DE RECURSOS LTDA,09.496.375/0001-69,INFORCONT AUDITORES INDEPENDENTES,16.695.922/0001-09,ID CORRETORA DE TITULOS E VALORES MOBILIARIOS S.A.,,,,,3.2197125256673513
FIF,07.143.386/0001-30,"FUNDO BASA DE INVESTIMENTO FINANCEIRO CURTO PRAZO ""2""",2004-11-16,2004-11-16,53031.0,,EM FUNCIONAMENTO NORMAL,2004-11-16,2004-11-16,2026-01-01,2026-12-31,,,,,,,,,,,,,,614165.85,2023-06-13,,04.902.979/0001-44,BANCO DA AMAZÔNIA S.A.,,,,61.366.936/0001-25,ERNST & YOUNG AUDITORES INDEPENDENTES S/S LTDA.,,,,,,,21.503080082135522
FIF,07.144.604/0001-50,"FUNDO BASA DE INVESTIMENTO FINANCEIRO SELETO ""2""",2004-11-16,2004-11-16,53040.0,,EM FUNCIONAMENTO NORMAL,2004-11-16,2004-11-16,2026-01-01,2026-12-31,,,,,,,,,,,,,,1479388.51,2023-06-13,,04.902.979/0001-44,BANCO DA AMAZÔNIA S.A.,,,,61.366.936/0001-25,ERNST & YOUNG AUDITORES INDEPENDENTES S/S LTDA.,,,,,,,21.503080082135522
FII,01.356.517/0001-80,LAGRA FII,1996-07-24,1996-07-24,396016.0,,EM FUNCIONAMENTO NORMAL,1998-03-11,1998-03-11,2026-01-01,2026-12-31,FII,1996-07-24,,Fechado,N,,,Qualificado,N,,,,,196175979.05,2026-04-30,,,,,,,42.165.506/0001-09,AUDIPEC AUDITORIA E PERÍCIA CONTÁBIL S/S,,,,,,,29.817932922655714
FII,01.964.775/0001-40,FII GEO GUARARAPES,1997-06-11,1997-06-11,397012.0,,EM FUNCIONAMENTO NORMAL,1998-03-11,1998-03-11,,,FII,1997-06-11,,Fechado,N,,,Qualificado,N,,,,,1563592.71,2026-04-30,,50.585.090/0001-06,BCV - BANCO DE CRÉDITO E VAREJO S.A.,,,,52.803.244/0001-06,KPMG AUDITORES ASSOCIADOS,,,,,,,28.93634496919918
FII,05.437.916/0001-27,FII EUROPAR Responsabilidade Limitada,2002-12-10,2002-12-10,302006.0,,EM FUNCIONAMENTO NORMAL,2002-12-10,2002-12-10,2026-01-01,2026-12-31,FII,2002-12-10,,Fechado,N,,,Qualificado,N,,,,,161458336.98,2026-04-30,,00.336.036/0001-40,COINVALORES CCVM LTDA,,,,81.144.818/0001-80,MOORE METRI AUDITORES LTDA,,,,,,,23.43874058863792
FII,14.217.108/0001-45,FII INDUSTRIAL DO BRASIL RESPONSABILIDADE LIMITADA,2011-11-16,2011-11-16,310018.0,,EM FUNCIONAMENTO NORMAL,2011-11-16,2011-11-16,2026-01-01,2026-12-31,FII,2010-10-18,,Fechado,N,,,Qualificado,N,,,,,405068000.9,2026-04-30,,00.336.036/0001-40,COINVALORES CCVM LTDA,,,,81.144.818/0001-80,MOORE METRI AUDITORES LTDA,,,,,,,14.505133470225873
FII,39.347.413/0001-82,Fundo de Investimento Imobiliário Hospital Unimed Campina Grande Responsabilidade Limitada,2020-10-09,2020-10-05,320094.0,,EM FUNCIONAMENTO NORMAL,2020-12-22,2020-12-22,2026-01-01,2026-12-31,FII,2020-10-05,,Fechado,N,,,Qualificado,N,,,,,143852831.16,2026-04-30,,00.336.036/0001-40,COINVALORES CCVM LTDA,PJ,31.681.693/0001-59,INVESTCOOP ASSET MANAGEMENT LTDA.,81.144.818/0001-80,MOORE METRI AUDITORES LTDA,,,,,,,5.607118412046543
FII,41.114.606/0001-35,FUNDO DE INVESTIMENTO  IMOBILIÁRIO UNIMED INVESTCOOP NACIONAL  RESPONSABILIDADE LIMITADA,2021-03-09,2021-03-09,321026.0,,EM FUNCIONAMENTO NORMAL,2021-04-20,2021-04-20,2026-01-01,2026-12-31,FII,2021-03-09,,Fechado,N,,,,N,,,,,325683281.92,2026-04-30,,00.336.036/0001-40,COINVALORES CCVM LTDA,PJ,31.681.693/0001-59,INVESTCOOP ASSET MANAGEMENT LTDA.,81.144.818/0001-80,MOORE METRI AUDITORES LTDA,,,,,,,5.193702943189596
FII,16.685.929/0001-31,FUNDO DE INVESTIMENTO IMOBILIÁRIO MACAM SHOPPING RESPONSABILIDADE LIMITADA,2023-02-13,2023-02-13,323011.0,,EM FUNCIONAMENTO NORMAL,2023-02-13,2023-02-13,2026-01-01,2026-12-31,FII,2023-02-13,,Fechado,N,,,Qualificado,N,,,,,470128577.55,2026-04-30,,33.886.862/0001-12,"MASTER S/A CORRETORA DE CAMBIO, TITULOS E VALORES MOBILIARIOS",PJ,47.917.164/0001-41,BLUEMAC ASSET MANAGEMENT LTDA,57.755.217/0001-29,KPMG AUDITORES INDEPENDENTES LTDA.,33.886.862/0001-12,"MASTER S/A CORRETORA DE CAMBIO, TITULOS E VALORES MOBILIARIOS",,,,,3.260780287474333
FIP,21.331.225/0001-09,EDUCAÇÃO BR FUNDO DE INVESTIMENTO EM PARTICIPAÇÕES - MULTIESTRATÉGIA,2015-02-10,2015-03-03,115009.0,,EM FUNCIONAMENTO NORMAL,2015-09-29,2015-09-29,2025-04-01,2026-03-31,FIP Multi,2017-06-22,,Fechado,N,,,Qualificado,N,,,,,-1519081.16,2019-06-30,,42.066.258/0001-30,RJI CORRETORA DE TÍTULOS E VALORES MOBILIÁRIOS LTDA.,PJ,42.066.258/0001-30,RJI CORRETORA DE TÍTULOS E VALORES MOBILIÁRIOS LTDA.,22.159.187/0001-03,BEAUDIT INTERNATIONAL AUDITORES INDEPENDENTES,60.746.948/0001-12,BANCO BRADESCO S.A.,,,,,11.268993839835728
FIP,17.213.759/0001-55,FUNDO DE INVESTIMENTO EM PARTICIPAÇÕES FONTAINE VILLE URBANISMO MULTIESTRATÉGIA,2013-05-20,2013-05-27,113056.0,,EM FUNCIONAMENTO NORMAL,2014-05-21,2014-05-21,2025-05-01,2026-04-30,FIP Multi,2017-08-04,,Fechado,N,,,Qualificado,S,,,,,332436812.15,2024-04-30,,27.463.343/0001-49,MDL TRUST SERVIÇOS FIDUCIÁRIOS LTDA.,PJ,08.882.311/0001-33,ARENA CAPITAL GESTORA DE RECURSOS LTDA,42.170.852/0001-77,UHY BENDORAYTES & CIA AUDITORES INDEPENDENTES,30.723.886/0001-62,BANCO MODAL S.A.,,,,,12.996577686516085
FIP,39.976.918/0001-06,OCA FUNDO DE INVESTIMENTO EM PARTICIPAÇÕES EM EMPRESAS EMERGENTES,2021-01-07,2020-11-23,121002.0,,EM FUNCIONAMENTO NORMAL,2021-02-11,2021-02-11,2026-01-01,2026-12-31,FIP Multi,2020-11-23,,Fechado,N,,,Qualificado,S,,,,,44166648.86,2026-04-30,,52.230.344/0001-90,NORONHA TRUST LTDA.,PJ,52.230.344/0001-90,NORONHA TRUST LTDA.,16.549.480/0001-84,RSM BRASIL AUDITORES INDEPENDENTES LTDA.,62.232.889/0001-90,BANCO DAYCOVAL S.A.,,,,,5.360711841204655
